{
    "aloc_Desv": {
        "5": [
            3.9279739805447713
        ],
        "10": [
            6.719572386783589
        ],
        "15": [
            8.8409991124376
        ],
        "20": [
            10.532670262433115
        ],
        "25": [
            12.721506777653248
        ],
        "30": [
            15.130938705924658
        ],
        "35": [],
        "40": []
    },
    "valor_Desv": {
        "5": [
            0.0
        ],
        "10": [
            0.0
        ],
        "15": [
            0.0
        ],
        "20": [
            0.0
        ],
        "25": [
            0.0
        ],
        "30": [
            0.0
        ],
        "35": [],
        "40": []
    },
    "wrong_Desv": {
        "5": [
            4.926562737666422
        ],
        "10": [
            8.393389040896219
        ],
        "15": [
            12.842912760089328
        ],
        "20": [
            14.434708737156098
        ],
        "25": [
            16.535626349658187
        ],
        "30": [
            23.08413184109688
        ],
        "35": [],
        "40": []
    },
    "total_Value": {
        "5": [
            771.36
        ],
        "10": [
            1591.28
        ],
        "15": [
            2366.24
        ],
        "20": [
            3183.4
        ],
        "25": [
            4164.56
        ],
        "30": [
            4857.68
        ],
        "35": [],
        "40": []
    },
    "index": {
        "5": [
            50
        ],
        "10": [
            50
        ],
        "15": [
            50
        ],
        "20": [
            50
        ],
        "25": [
            50
        ],
        "30": [
            50
        ],
        "35": [],
        "40": []
    },
    "req_Aloc": {
        "5": [
            9.86
        ],
        "10": [
            21.48
        ],
        "15": [
            31.6
        ],
        "20": [
            40.96
        ],
        "25": [
            51.6
        ],
        "30": [
            62.44
        ],
        "35": [],
        "40": []
    },
    "wrong_run": {
        "5": [
            14.88
        ],
        "10": [
            31.4
        ],
        "15": [
            46.72
        ],
        "20": [
            58.08
        ],
        "25": [
            76.04
        ],
        "30": [
            87.98
        ],
        "35": [],
        "40": []
    },
    "ILP_ciente_mean": {
        "5": [
            450.6
        ],
        "10": [
            903.52
        ],
        "15": [
            1244.32
        ],
        "20": [
            1671.6
        ],
        "25": [
            2271.16
        ],
        "30": [
            2496.9285714285716
        ],
        "35": [],
        "40": []
    },
    "ILP_nao_ciente_mean": {
        "5": [
            159.84104604262322
        ],
        "10": [
            212.29510027318105
        ],
        "15": [
            266.13481095114184
        ],
        "20": [
            393.47863982686533
        ],
        "25": [
            390.0047363814958
        ],
        "30": [
            651.5391627617214
        ],
        "35": [],
        "40": []
    },
    "ILP_ciente_std_dev": {
        "5": [
            542.2
        ],
        "10": [
            1146.2000001129309
        ],
        "15": [
            1692.4000002207856
        ],
        "20": [
            2218.5200003042632
        ],
        "25": [
            2846.800000308773
        ],
        "30": [
            3286.50000011737
        ],
        "35": [],
        "40": []
    },
    "ILP_nao_ciente_std_dev": {
        "5": [
            185.57510608915194
        ],
        "10": [
            248.72675778886
        ],
        "15": [
            373.71818272073136
        ],
        "20": [
            453.6484644808652
        ],
        "25": [
            471.7043137998477
        ],
        "30": [
            545.4640553888134
        ],
        "35": [],
        "40": []
    },
    "ILP_time_ciente": {
        "5": [
            0.16957181930541992
        ],
        "10": [
            1.4922239017486572
        ],
        "15": [
            5.349352574348449
        ],
        "20": [
            23.56901478767395
        ],
        "25": [
            59.97087881088257
        ],
        "30": [
            178.74629328932082
        ],
        "35": [],
        "40": []
    },
    "ILP_time_nao_ciente": {
        "5": [
            1.1571719884872436
        ],
        "10": [
            3.9146486473083497
        ],
        "15": [
            5.614876766204834
        ],
        "20": [
            11.414499249458313
        ],
        "25": [
            22.548855872154235
        ],
        "30": [
            64.20137201036725
        ],
        "35": [],
        "40": []
    },
    "ILP_used_throughput_ciente_mean": {
        "5": [
            2029.6
        ],
        "10": [
            4643.2
        ],
        "15": [
            6828.4
        ],
        "20": [
            8607.2
        ],
        "25": [
            11398
        ],
        "30": [
            12510
        ],
        "35": [],
        "40": []
    },
    "ILP_used_throughput_ciente_std_dev": {
        "5": [
            955.7425594792774
        ],
        "10": [
            1541.3674967378804
        ],
        "15": [
            1863.0001180891
        ],
        "20": [
            2346.250660095805
        ],
        "25": [
            2783.2879836624884
        ],
        "30": [
            2434.3641000122743
        ],
        "35": [],
        "40": []
    },
    "ILP_total_throughput_ciente_mean": {
        "5": [
            1370.4
        ],
        "10": [
            2972.8
        ],
        "15": [
            4404.8
        ],
        "20": [
            5732
        ],
        "25": [
            7171.2
        ],
        "30": [
            8558.57142857143
        ],
        "35": [],
        "40": []
    },
    "ILP_total_throughput_ciente_std_dev": {
        "5": [
            294.1357509722339
        ],
        "10": [
            479.82930298179997
        ],
        "15": [
            537.5285666827392
        ],
        "20": [
            738.4416022949953
        ],
        "25": [
            778.2252630183629
        ],
        "30": [
            729.9692473254037
        ],
        "35": [],
        "40": []
    },
    "ILP_used_clb_ciente_mean": {
        "5": [
            309533.52
        ],
        "10": [
            630045.84
        ],
        "15": [
            872076.24
        ],
        "20": [
            1167866.28
        ],
        "25": [
            1523059.2
        ],
        "30": [
            1698028.5
        ],
        "35": [],
        "40": []
    },
    "ILP_used_clb_ciente_std_dev": {
        "5": [
            124967.23837010082
        ],
        "10": [
            171508.44104980488
        ],
        "15": [
            208224.74252620028
        ],
        "20": [
            270081.5441392499
        ],
        "25": [
            261284.56707857814
        ],
        "30": [
            332648.99961011024
        ],
        "35": [],
        "40": []
    },
    "ILP_total_clb_ciente_mean": {
        "5": [
            18662012.4
        ],
        "10": [
            154949790.12
        ],
        "15": [
            479561091.36
        ],
        "20": [
            2219347097.52
        ],
        "25": [
            5830771727.04
        ],
        "30": [
            15946871524.714285
        ],
        "35": [],
        "40": []
    },
    "ILP_total_clb_ciente_std_dev": {
        "5": [
            9037303.597114112
        ],
        "10": [
            64353754.69121587
        ],
        "15": [
            226621534.0783698
        ],
        "20": [
            905578964.9210278
        ],
        "25": [
            2752608885.9380026
        ],
        "30": [
            4872863706.053434
        ],